"mean_accuracy","sd_accuracy","mean_macro_precision","sd_macro_precision","mean_macro_recall","sd_macro_recall","mean_macro_f1","sd_macro_f1"
0.414268188771992,0.00481813384279386,0.392958565628083,0.00827690579506318,0.390860261616687,0.00424526989510539,0.352455295765703,0.00425724135578193
