"class","precision","recall","f1","support"
"0",0.452173913043478,0.0764705882352941,0.130817610062893,680
"1",0.463276836158192,0.866197183098592,0.603680981595092,852
"2",0.373134328358209,0.259515570934256,0.306122448979592,578
