"fold","val_accuracy","val_macro_precision","val_macro_recall","val_macro_f1"
1,0.40793368857312,0.390956220254639,0.386010142305434,0.354862609986366
2,0.413262285375962,0.392068446152428,0.389549825411747,0.352194308275971
3,0.417654028436019,0.400218506720681,0.394950262854818,0.358241519378202
4,0.420272673384707,0.400947900037509,0.395635636208422,0.349408280744686
5,0.412218268090154,0.380601754975157,0.388155441303016,0.347569760443287
