"accuracy","macro_precision","macro_recall","macro_f1"
0.445497630331754,0.429528359186626,0.400727780756047,0.346873680212526
